"","Target","Similarity.x","Similarity.y","Similarity"
"1","NU1025",-0.33941574,-0.52016021,NA
"2","Noretynodrel",-0.3319402,NA,NA
"3","atorvastatin",-0.31539484,-0.53940519,NA
"4","LY2334737",-0.31403385,NA,NA
"5","SCHEMBL8038519",-0.30359946,NA,NA
"6","Pyridostigmine",-0.29952023,NA,NA
"7","SA-440832",-0.2985606,-0.2413135,NA
"8","Sulfasalazine",-0.29544074,NA,NA
"9","BRD-K16625384",-0.29132896,NA,NA
"10","UK 356618",-0.2912487,-0.32759524,-0.20645142
"11","BRD-K24383920",-0.29101767,-0.24979682,NA
"12","GSK-319347A",-0.28901531,-0.32088054,NA
"13","Kanamycin",-0.28886685,NA,NA
"14","BRD-K46666779",-0.28880199,NA,NA
"15","Penciclovir",-0.28701751,NA,NA
"16","16,16-Dimethyl prostaglandin e2",-0.28615613,NA,-0.2085876
"17","HLI-373",-0.28334255,-0.2684124,NA
"18","Clorgiline",-0.27939606,NA,NA
"19","BRD-K41668190",-0.27932745,-0.29952585,NA
"20","BRD-A36275421",-0.27288948,NA,NA
"21","MLS000859112",-0.27210678,NA,NA
"22","Benzohydroxamate",-0.27192675,NA,NA
"23","Chlorcyclizine",-0.27114659,NA,NA
"24","N6-Methyladenosine",-0.27030662,NA,NA
"25","BRD-K99311962",-0.26984577,NA,NA
"26","Procainamide",-0.26789341,NA,NA
"27","ALD1-H_001128",-0.26787906,NA,NA
"28","SU-11652",-0.26786578,NA,-0.28720895
"29","Vorinostat",-0.2655738,-0.30418258,NA
"30","Tacrine",-0.26508964,NA,NA
"31","ICI 192,605",-0.26497197,NA,NA
"32","ICI 192,605",-0.26497197,NA,NA
"33","Tubocurarine",-0.26490092,NA,NA
"34","PF-04217903",-0.26396341,NA,NA
"35","Sulfaphenazole",-0.26358318,NA,NA
"36","MLS003568130",-0.26312544,NA,NA
"37","Phenoxazine",-0.26224011,NA,-0.22153099
"38","Triacsin C",-0.26193964,NA,NA
"39","Pramipexole",-0.26029615,NA,NA
"40","Naftifine",-0.26015498,NA,NA
"41","RG 108",-0.25876984,-0.20343126,NA
"42","Dapsone",-0.2577839,NA,NA
"43","TPCA-1",-0.25725609,NA,-0.33163561
"44","Fenbufen",-0.25708377,NA,-0.20329003
"45","Meractinomycin",-0.25699909,NA,NA
"46","CID 57083817",-0.25680545,NA,NA
"47","Ixabepilone",-0.25630367,NA,NA
"48","Etofylline",-0.25588575,NA,NA
"49","CHEMBL2362248",-0.25535321,NA,NA
"50","Fedratinib",-0.25380708,-0.30438533,-0.25273711
"51","AC1LDBAO",-0.25378322,NA,NA
"52","Andarine",-0.25353392,NA,NA
"53","VE-821",-0.25316082,NA,NA
"54","Oxybenzone",-0.2518747,NA,-0.2088798
"55","282089-49-0",-0.25153666,-0.25269176,-0.25188651
"56","NSC23766",-0.25136921,-0.2126463,-0.21014968
"57","T6235235",-0.25111026,NA,NA
"58","STK219801",-0.25095392,-0.23074009,-0.22068381
"59","NO-ASA",-0.25062052,NA,NA
"60","MLS000860958",-0.25033208,-0.2432836,NA
"61","L 655240",-0.25008571,NA,NA
"62","Vicriviroc",-0.24982976,NA,NA
"63","Triacetylresveratrol",-0.24978214,NA,NA
"64","Efavirenz",-0.24870983,NA,NA
"65","Bosutinib",-0.24829012,NA,-0.20543141
"66","Rebastinib",-0.24789526,NA,-0.22612556
"67","SCHEMBL570779",-0.24685592,-0.20826721,NA
"68","KDM-103",-0.24641655,NA,NA
"69","Resminostat",-0.24610249,NA,NA
"70","Parbendazole",-0.24594897,NA,NA
"71","ZINC9212372",-0.24526619,NA,NA
"72","heraclenol",-0.24523755,NA,NA
"73","GSK-2334470",-0.24516581,NA,NA
"74","MLS000583951",-0.24492259,NA,NA
"75","AZD-8055",-0.24492055,-0.2327258,-0.3258178
"76","Tozasertib",-0.24482245,-0.22218527,-0.26762852
"77","Quinapril",-0.24459407,NA,NA
"78","Chlorprothixene",-0.24422579,NA,-0.29425952
"79","Chlorprothixene",-0.24422579,NA,-0.29425952
"80","Chlorprothixene",-0.24422579,NA,-0.29425952
"81","Chlorprothixene",-0.24422579,NA,-0.29425952
"82","Azacitidine",-0.24414656,-0.27295349,NA
"83","Azacitidine",-0.24414656,-0.27295349,NA
"84","Azacitidine",-0.24414656,-0.27295349,NA
"85","Azacitidine",-0.24414656,-0.27295349,NA
"86","CHEMBL2131904",-0.24408778,NA,-0.22372502
"87","Kinetin Riboside",-0.24358444,NA,NA
"88","BRD-A20958854-001-01-7",-0.24345564,NA,NA
"89","BGT-226",-0.24307347,NA,-0.207976
"90","Meadacid",-0.24301284,NA,-0.2018515
"91","Tranexamic acid",-0.24262437,NA,NA
"92","BRD-K92951265",-0.24216835,NA,NA
"93","RO 16-6941",-0.24207995,NA,NA
"94","BRD-K54343811",-0.24142098,NA,-0.24916714
"95","ZSTK 474",-0.24126276,-0.2359015,-0.31710572
"96","MK-0812",-0.24100529,NA,NA
"97","Cyproheptadine",-0.2406887,NA,NA
"98","2-(2-Bromo-4-methyl-phenylamino)-pyrido[3,2-e][1,3]thiazin-4-one",-0.24017022,NA,-0.22241175
"99","BRD-K00486725",-0.24002803,NA,-0.20058295
"100","Anastrozole",-0.23990201,NA,NA
"101","SC_I_004",-0.23965328,NA,NA
"102","Amuvatinib",-0.23953611,-0.25835377,NA
"103","BRD-A25736793",-0.23949429,NA,-0.24882483
"104","(S)APOMORPHINE",-0.23944205,NA,NA
"105","SA-89735",-0.23923171,-0.20684136,NA
"106","IN1549",-0.23879636,-0.2037487,-0.23386767
"107","Doxepin",-0.2387409,NA,NA
"108","Nimesulide",-0.23854962,NA,NA
"109","Fentiazac",-0.23803775,NA,NA
"110","3,5-Bis(4-methylbenzylidene)piperidin-4-one",-0.23797407,NA,NA
"111","3,5-Bis(4-methylbenzylidene)piperidin-4-one",-0.23797407,NA,NA
"112","BRD-K15262863",-0.23783635,NA,NA
"113","Doxazosin",-0.23772004,NA,NA
"114","4-Iodo-6-phenylpyrimidine",-0.23690025,-0.21966116,NA
"115","BRD-U88878891",-0.23620834,NA,NA
"116","NSC95397",-0.23584755,NA,NA
"117","Linifanib",-0.2356666,NA,-0.2853797
"118","Quinacrine",-0.23562391,NA,-0.27630436
"119","rifampicin",-0.23560145,NA,NA
"120","N-[(1-Ethylpyrrolidin-3-yl)methyl]-2-methoxy-5-sulfamoylbenzamide",-0.23524885,NA,NA
"121","DG-041",-0.23438691,-0.26296604,-0.25115003
"122","Tetradecylthioacetic acid",-0.23437078,NA,NA
"123","Hycanthone",-0.23411279,NA,NA
"124","MLS001116189",-0.23357185,NA,NA
"125","Cloperastine",-0.23322853,NA,NA
"126","BRD-A81936046",-0.23282207,NA,-0.24508024
"127","BRD-K18481678",-0.23250644,NA,NA
"128","179324-69-7",-0.23214956,NA,-0.237231
"129","Epitestosterone",-0.23211894,NA,NA
"130","MLS000703473",-0.23193238,NA,NA
"131","Salirasib",-0.23154391,NA,-0.21897125
"132","3-Chloro-l-alanine",-0.23151059,NA,-0.21891084
"133","BRD-K43194109",-0.23132492,NA,NA
"134","PF-04691502",-0.23114853,NA,-0.23677295
"135","Desoximetasone",-0.23101039,-0.25020775,NA
"136","CHEMBL2355034",-0.23060793,-0.20312038,-0.23581915
"137","Baricitinib",-0.23059359,NA,NA
"138","Disopyramide",-0.23036167,NA,NA
"139","Ivermectin",-0.23001433,NA,-0.20636552
"140","Ivermectin",-0.23001433,NA,-0.20636552
"141","Ivermectin",-0.23001433,NA,-0.20636552
"142","Ivermectin",-0.23001433,NA,-0.20636552
"143","AY 62021",-0.22981709,NA,-0.22578697
"144","Zafirlukast",-0.22948885,NA,NA
"145","Ketotifen",-0.22939157,-0.21581683,NA
"146","Bifemelane",-0.22888397,NA,NA
"147","ST50426557",-0.2288719,NA,NA
"148","Khellin",-0.22860839,NA,NA
"149","Benfluorex",-0.22856045,-0.30017548,NA
"150","AKT Inhibitor VIII",-0.22841164,NA,-0.3448179
"151","Tazac, Axid, Axid Ar, Nizatidine",-0.2280131,NA,NA
"152","STK369842",-0.22794707,-0.22490651,NA
"153","Alpelisib",-0.22775897,NA,-0.26863586
"154","Aniracetam",-0.22773329,NA,NA
"155","PSI-6130",-0.22765969,NA,NA
"156","Sorafenib",-0.22730683,NA,-0.20984106
"157","Dequalinium",-0.22723136,NA,NA
"158","YL-54",-0.22722431,NA,-0.21643215
"159","MLS002477158",-0.2271999,NA,NA
"160","Brinaldix",-0.22703387,NA,NA
"161","Panobinostat",-0.22681661,NA,NA
"162","GSK 1059615",-0.22667903,-0.22215594,-0.26291073
"163","GSK 1059615",-0.22667903,-0.22215594,-0.26291073
"164","GSK 1059615",-0.22667903,-0.22215594,-0.26291073
"165","GSK 1059615",-0.22667903,-0.22215594,-0.26291073
"166","GSK 1059615",-0.22667903,-0.22215594,-0.26291073
"167","GSK 1059615",-0.22667903,-0.22215594,-0.26291073
"168","GSK 1059615",-0.22667903,-0.22215594,-0.26291073
"169","GSK 1059615",-0.22667903,-0.22215594,-0.26291073
"170","N-[4-(1-Benzoylpiperidin-4-yl)butyl]-3-pyridin-3-ylpropanamide",-0.22563359,-0.26728375,NA
"171","Lenvatinib (E7080)",-0.22475798,NA,-0.29193177
"172","Ebselen",-0.22471793,NA,-0.24891428
"173","Anagrelide",-0.22458179,NA,NA
"174","114798-26-4",-0.22440594,NA,NA
"175","Triamterene",-0.22429745,NA,-0.20076362
"176","Haloperidol",-0.2242635,NA,NA
"177","WZ3105",-0.22413468,-0.25857416,NA
"178","Ilomastat",-0.22401264,NA,NA
"179","3-(4-Pyridyl)indole",-0.22382282,-0.28755478,-0.32272876
"180","FPA1_000112",-0.2237352,NA,-0.2066723
"181","Amlexanox",-0.22372709,NA,NA
"182","Clomifene",-0.2236214,NA,-0.22478188
"183","CP466722",-0.22358002,-0.20884732,NA
"184","N6022",-0.22354325,NA,NA
"185","KU0060648",-0.22354182,-0.23299552,-0.27033453
"186","ST51005413",-0.22297176,NA,NA
"187","Diacerein",-0.2227847,NA,NA
"188","SCHEMBL13991002",-0.22273951,-0.20163106,NA
"189","BG-1004",-0.22254694,NA,NA
"190","MEGXM0_000032",-0.22249819,NA,NA
"191","Chloroquine",-0.22207928,NA,NA
"192","NMS-1286937",-0.22179625,NA,NA
"193","BRD-K96839270",-0.22163083,NA,NA
"194","Ponatinib",-0.22147562,-0.21967181,-0.3432082
"195","Apoptosis Activator II",-0.22142496,NA,NA
"196","W 7",-0.22132212,NA,NA
"197","CPI-613",-0.22122946,-0.23178507,NA
"198","Cinoxacin",-0.22121184,NA,NA
"199","BMS-345541",-0.22103179,NA,-0.20239782
"200","RUTIN",-0.22082256,NA,-0.21841953
"201","MLS002232309",-0.22057718,NA,NA
"202","SCHEMBL6874948",-0.22024462,NA,-0.31338634
"203","GSK2636771",-0.22012804,NA,NA
"204","BRD-K16826857",-0.21993767,NA,NA
"205","BRD-K95716640",-0.21985267,NA,-0.22299787
"206","Raltitrexed",-0.2197832,NA,NA
"207","CHEMBL1719929",-0.21977524,NA,NA
"208","Spiperone",-0.21943229,NA,NA
"209","BRD-K35669573",-0.21924872,NA,NA
"210","SDZ NKT 343",-0.21923062,-0.32391081,NA
"211","CHEMBL2141431",-0.21871738,-0.27509153,NA
"212","SUDAHWBOROXANE-UHFFFAOYSA-N",-0.21849779,NA,NA
"213","CHEMBL2135649",-0.21849613,NA,-0.22588652
"214","Brefeldin A",-0.21839817,NA,NA
"215","Brefeldin A",-0.21839817,NA,NA
"216","AGK 2",-0.21781227,-0.20436057,NA
"217","AB01274770-01",-0.2175223,NA,NA
"218","5-Bromo-n-[(3-methylpyridin-2-yl)carbamothioyl]pyridine-3-carboxamide",-0.21708461,NA,NA
"219","GSK-461364",-0.21708002,-0.22551613,NA
"220","Radicicol",-0.21700468,-0.23641414,NA
"221","GDC-0980 (RG7422)",-0.2167775,NA,-0.2581532
"222","Ozagrel",-0.21663063,NA,NA
"223","BRD-K04856990",-0.21653925,-0.40361808,NA
"224","Loratadine",-0.21637013,-0.27032381,NA
"225","ZINC01045466",-0.21631583,NA,NA
"226","CHEMBL2140128",-0.21608231,NA,-0.27323363
"227","Capsazepine",-0.21594963,NA,NA
"228","CHEMBL2130935",-0.21585448,NA,NA
"229","CHEMBL593506",-0.21572728,NA,NA
"230","MRS 1220",-0.21563263,NA,NA
"231","MLS002554298",-0.21533673,NA,NA
"232","AKOS021983165",-0.21529035,NA,NA
"233","CHEMBL3182395",-0.21500429,NA,NA
"234","Riluzole",-0.21493311,NA,-0.20108525
"235","16Beta-bromoandrosterone",-0.21481845,NA,NA
"236","NU-7026",-0.21481413,NA,-0.24854938
"237","BRD-K78496556",-0.21479292,NA,-0.20233794
"238","Cycladiene",-0.21474836,NA,NA
"239","BRD-K50171542",-0.21464334,NA,NA
"240","Oxetane",-0.21461472,NA,-0.20118539
"241","Chelidonine",-0.21453836,NA,NA
"242","BRD-K19677752",-0.21448637,NA,NA
"243","MEGXP0_001444",-0.21445845,NA,NA
"244","MLS000583963",-0.21433938,NA,NA
"245","N-[2-Chloro-5-(trifluoromethyl)phenyl]-5-(pyridin-4-yl)-1,3,4-thiadiazol-2-amine",-0.21426013,NA,NA
"246","ST51024947",-0.21414845,NA,NA
"247","BRD-K37226311",-0.21404812,NA,NA
"248","AC1MG7IW",-0.21390063,NA,NA
"249","Dipraglurant",-0.21322432,NA,NA
"250","BRD-K94544211",-0.21304568,NA,NA
"251","Methazolamide",-0.21300615,NA,-0.24324971
"252","GSK-1904529A",-0.2129212,NA,NA
"253","ARMODAFINIL",-0.21289564,NA,NA
"254","OSI-930",-0.21286238,-0.22496209,NA
"255","ZINC01050121",-0.21280895,NA,-0.22426608
"256","BRD-K89986699",-0.2126971,-0.20506818,NA
"257","ICI182, 780",-0.21266363,NA,NA
"258","MLS002473642",-0.21257263,NA,NA
"259","Chelerythrine",-0.21256316,NA,-0.21087797
"260","Lesinurad",-0.21256283,NA,NA
"261","LCQ-908",-0.21234742,NA,NA
"262","138402-11-6",-0.21233873,-0.33164201,NA
"263","MLS002276502",-0.21232809,NA,NA
"264","BRD-K81218586",-0.21232807,NA,NA
"265","BRD-K30618791-001-01-9",-0.21230629,NA,NA
"266","Glyburide",-0.2121402,NA,-0.2555309
"267","ascorbic-acid",-0.212132,NA,NA
"268","AC1Q5RFA",-0.21209299,NA,NA
"269","Nimodipine",-0.21206376,NA,NA
"270","Gangleoidin Acetate",-0.21189024,NA,-0.20137948
"271","E319",-0.21174032,NA,NA
"272","PD-198306",-0.21149622,NA,NA
"273","Securinine",-0.21148927,NA,NA
"274","Securinine",-0.21148927,NA,NA
"275","ML228",-0.21136309,NA,-0.27908864
"276","Pala",-0.21130662,NA,NA
"277","Tedizolid",-0.21109497,NA,NA
"278","Bicalutamide",-0.21103851,NA,NA
"279","MLS002454457",-0.21083538,-0.20440082,NA
"280","Dipivefrin",-0.21065185,NA,NA
"281","FR-180204",-0.21024459,-0.2318031,NA
"282","Belinostat",-0.21021043,-0.22571517,-0.28652967
"283","PCI-32765",-0.21016036,NA,-0.22944223
"284","BRD-K79459005",-0.21011382,NA,NA
"285","SMR000651449",-0.20998941,-0.20653227,NA
"286","CAM-9-021",-0.20998089,NA,NA
"287","SKF-83822",-0.20992157,NA,NA
"288","SCHEMBL15422158",-0.20981277,-0.21956047,NA
"289","BRD-K43396185",-0.20945252,NA,NA
"290","PD-160170",-0.20942503,NA,NA
"291","MLS001065854",-0.20884009,NA,NA
"292","Eperezolid",-0.20862484,NA,NA
"293","7-Hydroxychlorpromazine",-0.20852436,NA,NA
"294","13(S)-HODE",-0.20846155,NA,NA
"295","L-690488",-0.20845386,NA,NA
"296","BRD-K22033393",-0.20831498,NA,-0.26527742
"297","848193-68-0",-0.20817354,NA,NA
"298","Oxfendazole",-0.20807355,NA,-0.24073317
"299","CHEMBL2136858",-0.20801599,NA,-0.26631589
"300","BRD-K67090983",-0.20801278,NA,-0.23128626
"301","ML179",-0.20784843,NA,-0.22562742
"302","BRD-A07407288",-0.20779864,NA,NA
"303","BRD-K82399474",-0.20757829,NA,NA
"304","Penfluridol",-0.20737262,NA,NA
"305","C19H19FN4O3",-0.20736121,NA,NA
"306","Pifithrin MU",-0.20721285,NA,NA
"307","Fluspirilene",-0.20717263,-0.21827177,NA
"308","STK568087",-0.20712951,NA,NA
"309","BRD-K19554975",-0.20709729,NA,NA
"310","Dabrafenib",-0.20709127,NA,-0.23523577
"311","SB-366791",-0.20692596,NA,NA
"312","BRD-K92313046",-0.20691048,NA,NA
"313","CT-200783",-0.20683193,-0.20575607,NA
"314","CA-074 METHYL ESTER",-0.20681232,NA,NA
"315","Manumycin-A",-0.20665736,-0.28149047,NA
"316","MGCD-265",-0.20647172,NA,NA
"317","MLN-0128",-0.20640774,NA,-0.27314152
"318","Cyclosporin A",-0.20629727,NA,-0.21102078
"319","Cyclosporin A",-0.20629727,NA,-0.21102078
"320","Cyclosporin A",-0.20629727,NA,-0.21102078
"321","Cyclosporin A",-0.20629727,NA,-0.21102078
"322","Sulconazole",-0.20622287,NA,NA
"323","6-Formylindolo[3,2-b]carbazole",-0.20621343,NA,NA
"324","Minoxidil",-0.206197,NA,NA
"325","Sulfamonomethoxine",-0.20601738,NA,NA
"326","Isradipine",-0.20599215,NA,NA
"327","Aurora A Inhibitor I",-0.20597366,NA,NA
"328","Atipamezole (hydrochloride)",-0.2058167,NA,NA
"329","C21H27N7O3",-0.20574782,-0.22285784,-0.25795203
"330","Bezafibrate",-0.20558504,NA,NA
"331","BRD-K95545045",-0.20549043,NA,NA
"332","Linagliptin",-0.20517854,-0.2229939,NA
"333","VX-11E",-0.20517574,-0.20154928,NA
"334","BRD-K52577250",-0.2051104,NA,NA
"335","CHEMBL1939094",-0.20501153,NA,NA
"336","CHEMBL3188568",-0.20490184,NA,NA
"337","Piplartine",-0.20476602,NA,NA
"338","Seliciclib",-0.20473324,-0.21352319,NA
"339","Donitriptan hydrochloride",-0.20472924,NA,NA
"340","SPECTRUM_000897",-0.20472813,-0.3096713,NA
"341","E-Doxepin",-0.20462719,NA,NA
"342","BRD-K64304398",-0.20457677,NA,NA
"343","CHEMBL179288",-0.20455305,NA,NA
"344","(R,R)-Tramadol",-0.20436672,NA,NA
"345","MLS001178727",-0.20433552,NA,NA
"346","WH-4-025",-0.20432191,NA,NA
"347","CHEMBL1700271",-0.20424017,NA,NA
"348","BRD-K08448573",-0.20412306,-0.21115714,NA
"349","BRD-K01621458",-0.20402494,NA,NA
"350","Doxifluridine",-0.20399032,NA,-0.20982765
"351","Carprofen",-0.20393116,NA,NA
"352","BRD-K50819157",-0.20386913,NA,NA
"353","GW9508",-0.20382091,NA,NA
"354","GW441756X",-0.20379615,-0.22705867,NA
"355","BRD-K53285126",-0.2037838,NA,NA
"356","ST-4062971",-0.20374128,NA,NA
"357","BRD-K47303556",-0.20359508,NA,NA
"358","BRD-K55827386",-0.20353182,NA,NA
"359","Pevonedistat",-0.20346924,-0.21759866,NA
"360","Tebipenem Pivoxil",-0.20339586,NA,NA
"361","Valdecoxib",-0.2033951,NA,NA
"362","MLS002264499",-0.20335988,NA,NA
"363","Aminosalicylic acid",-0.20332626,NA,-0.22814154
"364","SPECTRUM_000051",-0.20330813,NA,NA
"365","KO143",-0.20321779,NA,-0.20345165
"366","Pyrazolanthrone",-0.20308432,NA,NA
"367","Icariin",-0.20284275,NA,NA
"368","NSC667463",-0.20269179,NA,NA
"369","ASN 05257430",-0.20268584,NA,NA
"370","BRD-K47436535",-0.20244975,NA,-0.26354947
"371","TGX 221",-0.20244923,NA,NA
"372","Lobendazole",-0.20243459,NA,NA
"373","Thioguanosine",-0.20241416,NA,NA
"374","MLS002276524",-0.20234995,NA,NA
"375","SPBIO_002561",-0.20219441,NA,NA
"376","MLS000583956",-0.20209312,NA,NA
"377","clobetasol",-0.20205176,NA,NA
"378","MLS002264440",-0.20204429,NA,NA
"379","CHEMBL2203528",-0.20195872,NA,NA
"380","SCHEMBL17052537",-0.20192444,-0.22015196,-0.28098456
"381","BRD-K27151060",-0.20191706,NA,NA
"382","Hydroxyl",-0.20191605,NA,NA
"383","Emedastine",-0.20188879,NA,NA
"384","362-74-3",-0.2018735,NA,-0.22453558
"385","CHEMBL2355586",-0.20186274,-0.21231423,-0.23041402
"386","CHEMBL2002102",-0.20183207,NA,NA
"387","Fiacitabine",-0.20179033,NA,NA
"388","Prednicarbate",-0.20160141,NA,NA
"389","Aclidinium Bromide",-0.20139455,NA,-0.23202306
"390","CHEMBL1327417",-0.20135906,NA,NA
"391","Quinelorane",-0.2013498,NA,NA
"392","EDOXUDINE",-0.20131599,NA,NA
"393","BRD-K91859707",-0.20109072,NA,NA
"394","CHEMBL2361787",-0.20094745,NA,NA
"395","SB271046",-0.20092693,NA,NA
"396","MLS003448149",-0.20083956,NA,NA
"397","BRD-K60460488-066-01-0",-0.20059547,NA,NA
"398","GW620972X",-0.20058349,NA,-0.27174706
"399","BRD-K88278225",-0.20037358,NA,-0.20118685
"400","Ticrynafen",-0.20026647,NA,NA
"401","Darinaparsin",-0.20017668,NA,NA
"402","BRD-K65900075",-0.2001503,NA,NA
"403","BRD-K64106162",-0.20010272,NA,NA
"404","BRD-K43226598",-0.20004477,NA,NA
"405","Perphenazine",-0.2000384,NA,NA
"406","BRD-K35002913",NA,-0.37735148,NA
"407","BRD-K57166447",NA,-0.37289454,NA
"408","Saracatinib",NA,-0.37150334,NA
"409","PK-11195",NA,-0.36951979,NA
"410","NNC 63-0532",NA,-0.33123695,NA
"411","BX 912",NA,-0.31547543,-0.20939489
"412","BRD-K74659851",NA,-0.31371428,NA
"413","BRD-K19960610",NA,-0.31352726,NA
"414","BRD-K59134391",NA,-0.31070628,NA
"415","NEFIRACETAM",NA,-0.30854867,NA
"416","Dexamethasone",NA,-0.30809295,NA
"417","Tosedostat",NA,-0.3077122,NA
"418","Loperamide",NA,-0.30751233,-0.20577664
"419","T-0156",NA,-0.30606774,NA
"420","423735-93-7",NA,-0.30550307,NA
"421","N9-Isopropylolomoucine",NA,-0.29132041,NA
"422","MLS005000107",NA,-0.28867873,NA
"423","Bromopyruvate",NA,-0.28447821,NA
"424","BRD-K93330237",NA,-0.2828897,NA
"425","AZ628",NA,-0.27805826,-0.26753406
"426","BRD-K51556300-001-01-9",NA,-0.27735577,NA
"427","BRD-K66805710",NA,-0.27531686,NA
"428","Melperone",NA,-0.27290221,NA
"429","AMG 232",NA,-0.27177874,NA
"430","Olaparib",NA,-0.27167868,-0.22267645
"431","BRD-K50868745",NA,-0.26957598,NA
"432","JNJ-38877605",NA,-0.26841787,NA
"433","BRD-A74382794",NA,-0.26785389,NA
"434","Ethionamide",NA,-0.2659156,NA
"435","ST4070043",NA,-0.26499596,NA
"436","BECLOMETHASONE DIPROPIONATE",NA,-0.26433017,NA
"437","Cefdinir",NA,-0.26381084,-0.23395455
"438","Azathioprine",NA,-0.26340627,-0.20447936
"439","MLS000063560",NA,-0.26305725,NA
"440","LY-294002",NA,-0.26294692,-0.26468138
"441","3-Amino-7-hydroxy-3,4-dihydroquinolin-2(1H)-one",NA,-0.26242528,NA
"442","BMY-14802",NA,-0.26199662,NA
"443","ZINC03977775",NA,-0.26031112,NA
"444","SB525334",NA,-0.2593188,NA
"445","AC1NWAML",NA,-0.25908094,NA
"446","CICLESONIDE",NA,-0.25876742,NA
"447","MLS002264458",NA,-0.25857624,NA
"448","Selumetinib",NA,-0.25731217,NA
"449","Infigratinib",NA,-0.25524884,NA
"450","C30H33N3O5S",NA,-0.255213,NA
"451","SCHEMBL16980224",NA,-0.2552029,NA
"452","BRD-A02747686",NA,-0.25450747,NA
"453","CAY10603",NA,-0.2535172,NA
"454","SA-1939945",NA,-0.2532955,NA
"455","2-Bromo-n-phenylbenzamide",NA,-0.25282891,NA
"456","Lenalidomide",NA,-0.25213912,NA
"457","Rita",NA,-0.25207637,NA
"458","NVP-AUY922",NA,-0.25193162,-0.2096876
"459","BRD-A72596465",NA,-0.25183597,NA
"460","SCHEMBL6668531",NA,-0.25085861,NA
"461","SA-84512",NA,-0.25016742,NA
"462","Ruxolitinib",NA,-0.25004318,-0.33409768
"463","LACOSAMIDE",NA,-0.24982913,-0.21365504
"464","BRD-K26684619",NA,-0.24936436,NA
"465","Rimexolone",NA,-0.24929889,NA
"466","NNC 26-9100",NA,-0.24877367,NA
"467","Flunisolide",NA,-0.24871761,NA
"468","NU-7441",NA,-0.24828304,NA
"469","BRD-K05456756",NA,-0.24825215,NA
"470","MLS003079542",NA,-0.24824033,NA
"471","Ergoatetrine",NA,-0.24814456,NA
"472","PD-0325901",NA,-0.2475681,-0.27443833
"473","Sulpiride",NA,-0.24719003,NA
"474","13-Hydroxy-8,14,19-trimethoxy-4,10,12,16-tetramethyl-3,20,22-trioxo-2-azabicyclo[16.3.1]docosa-1(21),4,6,10,18-pentaen-9-yl carbamate",NA,-0.24589302,-0.30978478
"475","Lapatinib",NA,-0.2456888,-0.20493285
"476","Niclosamide",NA,-0.24557218,-0.26253654
"477","Tipifarnib",NA,-0.24491053,-0.26025644
"478","Fenipentol",NA,-0.24477968,-0.22435173
"479","BRD-K43528099-019-01-6",NA,-0.24471476,NA
"480","CHEMBL1900088",NA,-0.24467817,NA
"481","CHEMBL2333343",NA,-0.2436856,-0.23896634
"482","2-Bromo-n-[3-(pentanoylamino)phenyl]benzamide",NA,-0.24348875,NA
"483","SA-1921617",NA,-0.24322724,NA
"484","Trifluoperazine",NA,-0.24319227,NA
"485","Scriptaid",NA,-0.24256806,NA
"486","Iniparib",NA,-0.24237609,NA
"487","ALDA 1",NA,-0.24160651,-0.20043206
"488","6-Nitro dopamine",NA,-0.24072415,NA
"489","ALD1-H_001208",NA,-0.24010417,NA
"490","Amidate",NA,-0.24005533,NA
"491","Troglitazone",NA,-0.23991209,-0.20986053
"492","SCHEMBL17457462",NA,-0.23986784,NA
"493","SA-243193",NA,-0.23970705,NA
"494","Nicardipine",NA,-0.2396918,NA
"495","FPA1_000218",NA,-0.23944055,NA
"496","AZD-6482",NA,-0.23928757,-0.26637185
"497","NINDS_000152",NA,-0.23924128,NA
"498","Rizatriptan",NA,-0.2390929,NA
"499","VX-702",NA,-0.23908388,-0.22029994
"500","SPECTRUM_001873",NA,-0.23898051,NA
"501","Tranylcypromine",NA,-0.23851932,NA
"502","MK-2206",NA,-0.23779486,-0.39933696
"503","Dactolisib",NA,-0.23761516,-0.27132716
"504","BRD-K43638827",NA,-0.23733826,NA
"505","Methyldopa",NA,-0.23681774,NA
"506","BRD-K31949858",NA,-0.23597533,NA
"507","SCHEMBL3958507",NA,-0.23556165,NA
"508","MLS002264447",NA,-0.23535578,NA
"509","BRD-K22862802",NA,-0.23532187,NA
"510","SKF-77434",NA,-0.235267,NA
"511","C21H29NO",NA,-0.23509865,NA
"512","Broad-Sai-296",NA,-0.23474439,NA
"513","ST4029010",NA,-0.23457484,NA
"514","SA-427636",NA,-0.23438842,NA
"515","CP-724714",NA,-0.23412731,NA
"516","AC1NWAOX",NA,-0.23376921,NA
"517","ZINC68199948",NA,-0.23355375,NA
"518","ABT-888,VELIPARIB",NA,-0.23318632,NA
"519","BRD-K04617562",NA,-0.23299891,NA
"520","CHEMBL2137729",NA,-0.23269562,-0.28070189
"521","BRD-K45758869-001-01-3",NA,-0.23254335,NA
"522","Sirolimus",NA,-0.23220099,-0.31012098
"523","Sirolimus",NA,-0.23220099,-0.31012098
"524","Sirolimus",NA,-0.23220099,-0.31012098
"525","Sirolimus",NA,-0.23220099,-0.31012098
"526","Sirolimus",NA,-0.23220099,-0.31012098
"527","Sirolimus",NA,-0.23220099,-0.31012098
"528","Sirolimus",NA,-0.23220099,-0.31012098
"529","Sirolimus",NA,-0.23220099,-0.31012098
"530","Sirolimus",NA,-0.23220099,-0.31012098
"531","BX-795",NA,-0.23216399,-0.20603952
"532","BRD-A69951442-001-01-3",NA,-0.23203108,-0.22675443
"533","Alitretinoin",NA,-0.23191921,NA
"534","ABT-333",NA,-0.23160869,NA
"535","AC1MF5PT",NA,-0.23110852,NA
"536","TAK-715",NA,-0.23102067,-0.2551652
"537","Triazine Scaffold, 33",NA,-0.23062557,NA
"538","CHEMBL1965031",NA,-0.23056027,NA
"539","SCHEMBL17497626",NA,-0.23036709,NA
"540","AC1M43RN",NA,-0.23030539,NA
"541","32703-82-5",NA,-0.23028078,-0.31334467
"542","Apitolisib (gdc-0980, rg7422)",NA,-0.2302015,-0.28067303
"543","AC1MSUFC",NA,-0.22981908,NA
"544","Etodolac",NA,-0.22956818,NA
"545","Diethylstilbestrol",NA,-0.22911609,NA
"546","SPECTRUM_000224",NA,-0.22876922,NA
"547","CHEMBL1890309",NA,-0.22875255,-0.21628737
"548","Gefitinib",NA,-0.22867101,NA
"549","CHEMBL2143681",NA,-0.22848613,NA
"550","MLS002473458",NA,-0.22823937,NA
"551","MAYBRIDGE4_001964",NA,-0.22805985,NA
"552","Ofloxacin",NA,-0.22801321,NA
"553","SB-203580",NA,-0.22763562,NA
"554","Ursolic acid",NA,-0.22746602,-0.2261158
"555","PF-04620110",NA,-0.22737117,NA
"556","Tolnaftate",NA,-0.2273617,NA
"557","ZINC01037382",NA,-0.22697694,NA
"558","Ifenprodil",NA,-0.22685596,NA
"559","AC1L1JM9",NA,-0.22674129,NA
"560","Clarithromycin",NA,-0.22642234,NA
"561","Telotristat",NA,-0.22626506,NA
"562","Erastin",NA,-0.22611238,NA
"563","Bemegride",NA,-0.22601388,NA
"564","Berberine",NA,-0.22595281,NA
"565","YM 201636",NA,-0.22582836,NA
"566","Phenethylisothiocyanate",NA,-0.22545055,NA
"567","CHEMBL2359459",NA,-0.22543668,-0.20709825
"568","AC1Q6JJ5",NA,-0.22529218,NA
"569","chlormadinone-acetate",NA,-0.22516557,NA
"570","Linsitinib",NA,-0.22460659,-0.25895573
"571","2-Phenyl-n-[4-(1,3-thiazol-2-ylsulfamoyl)phenyl]quinoline-4-carboxamide",NA,-0.2245259,NA
"572","AC1NSZCT",NA,-0.22437629,-0.25141579
"573","Triazine Scaffold, 32",NA,-0.22427081,NA
"574","BRD-K95985487-001-01-3",NA,-0.22423404,-0.23590231
"575","Veliparib",NA,-0.22379031,NA
"576","FGIN1-27",NA,-0.22332264,NA
"577","Tubastatin A",NA,-0.22320178,NA
"578","Triamcinolone Diacetate",NA,-0.22304919,NA
"579","CHEMBL585951",NA,-0.22299238,NA
"580","CHEMBL2135770",NA,-0.22250207,-0.20015278
"581","Nicergoline",NA,-0.22245522,NA
"582","Gossypol",NA,-0.22200666,NA
"583","Wortmannin",NA,-0.2219579,-0.34026871
"584","F1566-0341",NA,-0.22185855,NA
"585","EX-8678",NA,-0.22178793,-0.28343041
"586","NSC643180",NA,-0.22157725,NA
"587","BRD-K74656908",NA,-0.22153977,NA
"588","BRD-K36150982",NA,-0.22151828,NA
"589","MLS000589843",NA,-0.22145974,NA
"590","BRD-K50388960",NA,-0.22120753,NA
"591","RU-24969",NA,-0.22113089,NA
"592","Fcodpguefhccia-Uhfffaoysa-N",NA,-0.22097878,NA
"593","Medetomidine",NA,-0.22091508,NA
"594","VU0418934-2",NA,-0.22069992,-0.26182661
"595","7-Nitroindazole",NA,-0.2205521,NA
"596","Tacalcitol",NA,-0.22019382,-0.21677968
"597","BRD-K68554461",NA,-0.21967178,NA
"598","ipratropium",NA,-0.21965538,NA
"599","MLS003129782",NA,-0.21947774,NA
"600","4-(4-Phenylphenoxy)benzene-1,2-dicarbonitrile",NA,-0.21913482,NA
"601","Lomitapide",NA,-0.21894345,NA
"602","MLS002264434",NA,-0.21885648,NA
"603","Myriocin",NA,-0.218847,NA
"604","JW 55",NA,-0.21873345,NA
"605","Ricolinostat",NA,-0.2187284,NA
"606","Niacin",NA,-0.21870374,-0.21911131
"607","Raloxifene",NA,-0.21867658,NA
"608","VU0359998",NA,-0.21845438,NA
"609","Pranlukast",NA,-0.21834699,NA
"610","IN1152",NA,-0.21802824,NA
"611","Droxinostat",NA,-0.21791469,NA
"612","EXALAMIDE",NA,-0.21788138,NA
"613","AT 7867",NA,-0.21787292,NA
"614","CHEBI:48565",NA,-0.21786014,NA
"615","PP 2",NA,-0.21775688,NA
"616","6Alpha-fluorotestosterone",NA,-0.21759084,NA
"617","CHEMBL1950303",NA,-0.2166062,-0.30718418
"618","GSK-J2",NA,-0.21658027,NA
"619","MLS000106835",NA,-0.21655818,NA
"620","Avanafil",NA,-0.21649028,NA
"621","BRD-K05984448",NA,-0.21626003,NA
"622","SA-1921614",NA,-0.21611902,NA
"623","Calcitriol",NA,-0.21584786,NA
"624","Calcitriol",NA,-0.21584786,NA
"625","BRD-K01425431",NA,-0.21577923,-0.24246738
"626","XAV 939",NA,-0.21574863,-0.21000919
"627","Paroxetine",NA,-0.21542235,-0.20317127
"628","CID 75060880",NA,-0.21527794,NA
"629","Masitinib",NA,-0.21515658,NA
"630","NCGC00170189-01",NA,-0.21500812,NA
"631","CHEMBL2144678",NA,-0.21495354,NA
"632","C37H48N6O5S2",NA,-0.21494944,NA
"633","BRD-K82669795",NA,-0.21481427,NA
"634","SA-1939891",NA,-0.21473203,NA
"635","BRD-K40276799",NA,-0.21455876,NA
"636","BRD-K42694358",NA,-0.21435489,NA
"637","CID 45006067",NA,-0.21416525,NA
"638","BRD-K64402699",NA,-0.21411657,NA
"639","Entinostat",NA,-0.21411043,-0.29717934
"640","BRD-K44366812",NA,-0.21388811,NA
"641","Evodiamine",NA,-0.21380319,NA
"642","Pimelic diphenylamide 106",NA,-0.21339856,NA
"643","PNU-74654",NA,-0.21339237,-0.22093121
"644","testosterone",NA,-0.21321717,-0.2281594
"645","CHEMBL2354467",NA,-0.21317811,NA
"646","AZD 1480",NA,-0.21290246,-0.21483822
"647","Dasatinib",NA,-0.21267465,NA
"648","Nicotin-Amide",NA,-0.21252555,-0.20542455
"649","Thalidomide",NA,-0.21243583,NA
"650","Fluprostenol",NA,-0.21238318,NA
"651","BMS-387032",NA,-0.21202783,NA
"652","Trametinib",NA,-0.21198384,NA
"653","AS601245",NA,-0.21176431,NA
"654","BRD-K88710727",NA,-0.21131947,NA
"655","Tropanyl-3,5-dimethylbenzoate",NA,-0.21096042,NA
"656","Mocetinostat",NA,-0.2107868,-0.25160048
"657","IWR-1-ENDO",NA,-0.21076017,NA
"658","Valproic acid",NA,-0.21072585,NA
"659","SA-89763",NA,-0.21072371,NA
"660","Fluticasone Propionate",NA,-0.21060946,NA
"661","Methylprednisolone",NA,-0.21053794,NA
"662","Phenprobamate",NA,-0.21053696,NA
"663","CHEMBL552425",NA,-0.21041313,NA
"664","RO-281675",NA,-0.21036746,-0.20273168
"665","Rifabutin",NA,-0.21007624,NA
"666","Rifabutin",NA,-0.21007624,NA
"667","CHEMBL2360506",NA,-0.21003659,-0.26785296
"668","SPECTRUM1505012",NA,-0.20996279,-0.21614794
"669","9-Fluoro-11,17,21-trihydroxy-16-methylpregna-1,4-diene-3,20-dione",NA,-0.20985779,NA
"670","Indigo Red",NA,-0.20923995,-0.2071662
"671","AZD-1152-HQPA",NA,-0.20916318,-0.21712659
"672","869288-64-2",NA,-0.20904089,-0.24010326
"673","MLS000562366",NA,-0.20901873,NA
"674","PP 3",NA,-0.20891311,NA
"675","Estradiol",NA,-0.20887984,-0.21302285
"676","Diloxanide Furoate",NA,-0.20886371,NA
"677","SCHEMBL16226502",NA,-0.20877996,-0.21393033
"678","Bendroflumethiazide",NA,-0.20863077,NA
"679","CHEMBL2358136",NA,-0.20850149,NA
"680","Phenylmethylsulfonylfluoride",NA,-0.20834082,NA
"681","AM 281",NA,-0.20821285,NA
"682","Bardoxolone Methyl",NA,-0.20807395,NA
"683","CHEMBL2141850",NA,-0.20806721,NA
"684","FAMPRIDINE",NA,-0.20802374,NA
"685","12K-612S",NA,-0.20789206,NA
"686","AHU-377 (hemicalcium salt)",NA,-0.20784495,NA
"687","SMR000390896",NA,-0.20779498,NA
"688","ST4110747",NA,-0.2077855,NA
"689","SPECTRUM_001522",NA,-0.20776273,NA
"690","MLS003178531",NA,-0.20771501,NA
"691","JSH-23",NA,-0.20759105,NA
"692","PF-03758309",NA,-0.20752988,-0.20224807
"693","Palmitoyl Carnitine",NA,-0.20748583,NA
"694","Tivantinib",NA,-0.20737678,NA
"695","AT-7519",NA,-0.20725586,NA
"696","Levamisole",NA,-0.20708669,NA
"697","Arachidonyl Trifluoromethylketone",NA,-0.20684309,-0.23485032
"698","PJ34",NA,-0.20675456,NA
"699","Rivaroxaban",NA,-0.20647929,NA
"700","Rivaroxaban",NA,-0.20647929,NA
"701","ABT-751",NA,-0.206466,NA
"702","23981-80-8",NA,-0.20619379,NA
"703","BMS-777607",NA,-0.20606468,NA
"704","RS-127445",NA,-0.20588215,NA
"705","Istaroxime (hydrochloride)",NA,-0.20580024,NA
"706","Agomelatine",NA,-0.20579261,NA
"707","SR-03000001971",NA,-0.20577436,NA
"708","CHEMBL1939080",NA,-0.20577357,NA
"709","Latanoprost",NA,-0.20571952,NA
"710","MLS000536845",NA,-0.20552487,NA
"711","Dacomitinib",NA,-0.20551785,-0.31596965
"712","A-443654",NA,-0.20548601,NA
"713","Skiii",NA,-0.20506468,NA
"714","Acetylcysteine",NA,-0.20482067,NA
"715","MLS002699817",NA,-0.20476662,NA
"716","Alvespimycin",NA,-0.20473655,NA
"717","Dibenz[b,e]oxepin-2-aceticacid, 11-[3-(dimethylamino)propylidene]-6,11-dihydro-, (11z)-",NA,-0.20468343,NA
"718","Momelotinib",NA,-0.20464874,-0.20859092
"719","Dovitinib",NA,-0.2045292,NA
"720","PK04_098276",NA,-0.20444524,NA
"721","Etomoxir",NA,-0.2042948,NA
"722","CHEMBL1698064",NA,-0.20415693,NA
"723","AC1LEEJB",NA,-0.20409458,NA
"724","Trimethoprim",NA,-0.2040552,NA
"725","CHEMBL2136735",NA,-0.20398048,-0.22403137
"726","(8Xi,11beta,14xi,16beta)-21-Chloro-9-fluoro-11-hydroxy-16-methyl-3,20-dioxopregna-1,4-dien-17-yl propanoate",NA,-0.20380205,-0.2270324
"727","Lavendustin A",NA,-0.20378756,NA
"728","L741,626",NA,-0.20362712,NA
"729","Isoflupredone Acetate",NA,-0.20347923,NA
"730","DL-Tryptophan",NA,-0.20341606,NA
"731","BRD-K54839171",NA,-0.20322021,NA
"732","TIBOLONE",NA,-0.20308357,NA
"733","CHEMBL1880923",NA,-0.20305137,NA
"734","Clofibric acid",NA,-0.20302996,NA
"735","CHEMBL2133868",NA,-0.20293124,NA
"736","Mofezolac",NA,-0.2029216,NA
"737","MLS001065880",NA,-0.20287905,NA
"738","O-Demethylated Adapalene",NA,-0.20286745,NA
"739","PIK-75",NA,-0.20276185,NA
"740","HA 14-1",NA,-0.20246998,NA
"741","BRD-K91745830",NA,-0.20243437,NA
"742","CHEMBL2333346",NA,-0.20239651,-0.43487158
"743","L-152804",NA,-0.20218224,NA
"744","Hypericin",NA,-0.20217136,NA
"745","Dasb",NA,-0.20207424,NA
"746","Vemurafenib",NA,-0.20207377,-0.26910251
"747","Vemurafenib",NA,-0.20207377,-0.26910251
"748","Vemurafenib",NA,-0.20207377,-0.26910251
"749","Vemurafenib",NA,-0.20207377,-0.26910251
"750","HG-9-91-01",NA,-0.20205627,NA
"751","C28H30CIN5O4S",NA,-0.20192984,NA
"752","SA-1462678",NA,-0.2018179,NA
"753","3,7-Bis(dimethylamino)phenothiazin-5-ium",NA,-0.20180431,NA
"754","Cobalt (Ii) Chloride",NA,-0.20159424,NA
"755","CHEMBL607856",NA,-0.20158046,NA
"756","MLS002391491",NA,-0.20140053,NA
"757","CHEMBL1476499",NA,-0.20107179,NA
"758","Danazol",NA,-0.20105614,-0.21294242
"759","MLS003370629",NA,-0.20089691,NA
"760","Cortisone Acetate",NA,-0.2008741,NA
"761","SCHEMBL17783882",NA,-0.20085308,NA
"762","Cyclohexanecarboxamide, 4-(1-aminoethyl)-n-4-pyridinyl-, trans-",NA,-0.20072568,NA
"763","CHEMBL520231",NA,-0.2006713,-0.21337614
"764","MLS002703290",NA,-0.20059129,NA
"765","Vesamicol",NA,-0.20048569,NA
"766","Tolazamide",NA,-0.20045791,-0.24776718
"767","MLS001333211",NA,-0.20038167,NA
"768","Camostat Mesilate",NA,-0.20029949,NA
"769","VU0447134-2",NA,-0.20028214,NA
"770","CHEMBL1367741",NA,-0.2002044,NA
"771","Leu-Enkephalin",NA,-0.20018605,NA
"772","SU 11274",NA,-0.20000584,NA
"773","NVP DPP 728 dihydrochloride",NA,NA,-0.35360787
"774","MLS002703076",NA,NA,-0.34555734
"775","6-(7-Hydroxy-6,7-dihydro-5H-pyrrolo[1,2-c]imidazol-7-yl)-n-methyl-2-naphthamide",NA,NA,-0.34119047
"776","COT-10B",NA,NA,-0.33169396
"777","Primidone",NA,NA,-0.32884748
"778","GSK-1059615",NA,NA,-0.32562898
"779","nifedipine",NA,NA,-0.32317807
"780","SB239063",NA,NA,-0.32298486
"781","BRD-K67402106",NA,NA,-0.31810474
"782","HDACi1,2+3_mix",NA,NA,-0.31244526
"783","BMS-536924",NA,NA,-0.31105381
"784","PP-30",NA,NA,-0.31061913
"785","ST021200",NA,NA,-0.30666412
"786","Gelsemine",NA,NA,-0.30524459
"787","Dienogest",NA,NA,-0.30412595
"788","PIK 90",NA,NA,-0.30344449
"789","ZINC77024257",NA,NA,-0.30240738
"790","WYE 125132",NA,NA,-0.29828575
"791","CHEMBL2130568",NA,NA,-0.29785739
"792","BRD-K33761091",NA,NA,-0.29780917
"793","4LY1",NA,NA,-0.29742581
"794","MLS002264439",NA,NA,-0.29667816
"795","HMN-214",NA,NA,-0.29607156
"796","AG 14361",NA,NA,-0.29393252
"797","Crizotinib",NA,NA,-0.29353964
"798","936890-98-1",NA,NA,-0.29263482
"799","Regorafenib",NA,NA,-0.29251
"800","Buparlisib",NA,NA,-0.29175997
"801","MLS006011051",NA,NA,-0.29093979
"802","BIO2_000029",NA,NA,-0.28846911
"803","Epitiostanol",NA,NA,-0.28755601
"804","Epitiostanol",NA,NA,-0.28755601
"805","Resmethrin",NA,NA,-0.28695553
"806","CHEMBL1242477",NA,NA,-0.28662185
"807","Cidoxepin",NA,NA,-0.28605263
"808","BRD-K82048228",NA,NA,-0.28518728
"809","Ethylbeta-carboline-3-carboxylate",NA,NA,-0.28393269
"810","Probucol",NA,NA,-0.28390132
"811","BRD-K38622866",NA,NA,-0.28333432
"812","Everolimus",NA,NA,-0.2832055
"813","HG-5-88-01",NA,NA,-0.28316835
"814","CHEMBL2134949",NA,NA,-0.28245722
"815","BMS 191011",NA,NA,-0.28090532
"816","CHEMBL2355430",NA,NA,-0.28016066
"817","844499-71-4",NA,NA,-0.2799218
"818","BRD-K52460145",NA,NA,-0.27912648
"819","OSI-027",NA,NA,-0.27815617
"820","OSI-027",NA,NA,-0.27815617
"821","Neratinib",NA,NA,-0.27704064
"822","Neratinib",NA,NA,-0.27704064
"823","AZD4547",NA,NA,-0.27551591
"824","CHIR-265",NA,NA,-0.27522745
"825","BRD-K15955205",NA,NA,-0.27520505
"826","CHEMBL2139663",NA,NA,-0.27434938
"827","CID 6167421",NA,NA,-0.27396032
"828","BRD-A95489119",NA,NA,-0.27320095
"829","UNII-BXU45ZH6LI",NA,NA,-0.27310114
"830","BMS-754807",NA,NA,-0.27178641
"831","CC-401",NA,NA,-0.27155844
"832","2-Phenylaminoadenosine",NA,NA,-0.27154366
"833","Lavendustin C",NA,NA,-0.27141439
"834","Tacedinaline",NA,NA,-0.27092084
"835","BRD-K85025453",NA,NA,-0.27077948
"836","CHEMBL3186197",NA,NA,-0.2707476
"837","Mycophenolate Mofetil",NA,NA,-0.27037769
"838","ML239",NA,NA,-0.26940046
"839","AKT Inhibitor V, Triciribine",NA,NA,-0.26908183
"840","1,3-Dipropyl-8-cyclopentylxanthine",NA,NA,-0.26876046
"841","761437-28-9",NA,NA,-0.26873056
"842","BRD-K70711508",NA,NA,-0.268676
"843","Endrin",NA,NA,-0.26809589
"844","SA-1457992",NA,NA,-0.26776245
"845","PI-103",NA,NA,-0.26746493
"846","Pictilisib",NA,NA,-0.2674571
"847","SA-1456227",NA,NA,-0.26745647
"848","GSK-1070916",NA,NA,-0.26689768
"849","SCHEMBL1675329",NA,NA,-0.26641634
"850","CHEMBL2141330",NA,NA,-0.26597864
"851","Dihydrexidine",NA,NA,-0.26559221
"852","Dihydrexidine",NA,NA,-0.26559221
"853","Gliclazide",NA,NA,-0.2647154
"854","BRD-K92884627",NA,NA,-0.26437694
"855","Alisertib",NA,NA,-0.26396183
"856","Tanespimycin",NA,NA,-0.26382868
"857","SCHEMBL12684744",NA,NA,-0.26301448
"858","AZD-2014",NA,NA,-0.26291847
"859","MLS000709026",NA,NA,-0.26274722
"860","BRD-K90281509",NA,NA,-0.26261533
"861","MLS003672589",NA,NA,-0.26218945
"862","CHEMBL2359857",NA,NA,-0.26116155
"863","GW 405833",NA,NA,-0.26089043
"864","Acetaminophen",NA,NA,-0.2608136
"865","CID 27806705",NA,NA,-0.25987134
"866","Broad-Sai-045",NA,NA,-0.25981067
"867","Dubinidine",NA,NA,-0.25980803
"868","Guanethidine",NA,NA,-0.25881688
"869","MAYBRIDGE4_001981",NA,NA,-0.25859318
"870","QL47",NA,NA,-0.25856113
"871","Pelitinib",NA,NA,-0.25848873
"872","Iloprost",NA,NA,-0.2578912
"873","CHEMBL399379",NA,NA,-0.25781506
"874","BRD-K67433929",NA,NA,-0.25723143
"875","CAY10618",NA,NA,-0.2567998
"876","Cinaciguat",NA,NA,-0.25675102
"877","CHEMBL2132717",NA,NA,-0.25663491
"878","Fomepizole",NA,NA,-0.25651878
"879","Thiabendazole",NA,NA,-0.25645961
"880","HG-14-10-04",NA,NA,-0.25615128
"881","Pilocarpine",NA,NA,-0.25595745
"882","TORIN-2",NA,NA,-0.25591071
"883","MLS000680027",NA,NA,-0.25586388
"884","Androstanol",NA,NA,-0.25585689
"885","Androstanol",NA,NA,-0.25585689
"886","SGI-1776",NA,NA,-0.25579538
"887","Dofequidar (fumarate)",NA,NA,-0.25565256
"888","IMD-0354",NA,NA,-0.25559938
"889","Ganciclovir",NA,NA,-0.2552013
"890","CGP-53353",NA,NA,-0.25484104
"891","CHEMBL1083527",NA,NA,-0.25482701
"892","QL-X-138",NA,NA,-0.25454091
"893","BRD-K67365258",NA,NA,-0.25370777
"894","SPB02303",NA,NA,-0.25359223
"895","Ibutilide",NA,NA,-0.25300095
"896","Dinoprostone",NA,NA,-0.25267882
"897","Doramapimod",NA,NA,-0.25227188
"898","BRD-A43331270-001-01-6",NA,NA,-0.25194927
"899","TORIN1",NA,NA,-0.25171833
"900","ENMD-2076",NA,NA,-0.2517145
"901","Pazopanib",NA,NA,-0.25137598
"902","CHEMBL2142321",NA,NA,-0.25133286
"903","CHEMBL2141722",NA,NA,-0.25126678
"904","CHEMBL2362360",NA,NA,-0.25122182
"905","WH-4025",NA,NA,-0.25085177
"906","Tiapride",NA,NA,-0.25064597
"907","BRD-K23582869-001-01-3",NA,NA,-0.25047612
"908","NCGC00092314-01",NA,NA,-0.25047162
"909","SMR001317788",NA,NA,-0.2502246
"910","Felbinac",NA,NA,-0.25005416
"911","Broad-Sai-686",NA,NA,-0.24999447
"912","Somatostatin",NA,NA,-0.24978941
"913","NCGC00170564-01",NA,NA,-0.24969907
"914","BRD-K41889859",NA,NA,-0.24942583
"915","BRD-K81408913",NA,NA,-0.2493499
"916","ZINC1569718",NA,NA,-0.24932644
"917","Temsirolimus (CCI-779, NSC 683864)",NA,NA,-0.2491714
"918","CID 75037095",NA,NA,-0.24894672
"919","ITK Inhibitor",NA,NA,-0.24856892
"920","MLS-0091943.0001",NA,NA,-0.24855583
"921","BRD-K57073585",NA,NA,-0.24843513
"922","AC1NWAUW",NA,NA,-0.24839767
"923","CHEMDIV1_016684",NA,NA,-0.2478977
"924","Methocarbamol",NA,NA,-0.24752321
"925","AC1O52XK",NA,NA,-0.24725588
"926","CC-930",NA,NA,-0.24699627
"927","levopropoxyphene",NA,NA,-0.24697523
"928","L-Cis-Diltiazem",NA,NA,-0.24687966
"929","BRD-K51934037",NA,NA,-0.24673414
"930","Primaquine",NA,NA,-0.24623692
"931","WYE 354",NA,NA,-0.24619677
"932","301836-43-1",NA,NA,-0.24597501
"933","CHEMBL2357096",NA,NA,-0.24569407
"934","TAE-684",NA,NA,-0.24564385
"935","Ethamivan",NA,NA,-0.24553883
"936","CI-1040",NA,NA,-0.24526994
"937","BRD-K53325797",NA,NA,-0.24514717
"938","ABT737",NA,NA,-0.24488229
"939","Milciclib (PHA-848125)",NA,NA,-0.24487707
"940","CHEMBL2358729",NA,NA,-0.24467076
"941","Disulfiram",NA,NA,-0.24464705
"942","CHEMBL2361430",NA,NA,-0.24440651
"943","GDC-0834 (Racemate)",NA,NA,-0.24410304
"944","Dipropyldopamine",NA,NA,-0.24338209
"945","Pracinostat",NA,NA,-0.24285149
"946","BRD-K60850440",NA,NA,-0.24284555
"947","2-Aminopurine",NA,NA,-0.2428161
"948","PHA-793887",NA,NA,-0.24281609
"949","PI 3-K/mTOR Inhibitor III, PKI-179",NA,NA,-0.24264895
"950","Narciclasine",NA,NA,-0.2425499
"951","BRD-K60067222",NA,NA,-0.24217987
"952","Nandrolone",NA,NA,-0.24187195
"953","Buddleoflavonoloside",NA,NA,-0.24151052
"954","BRD-A98888159",NA,NA,-0.24141133
"955","Clindamycin",NA,NA,-0.24124917
"956","BRD-K18032654",NA,NA,-0.24123882
"957","Loxapine",NA,NA,-0.24107905
"958","MG-132",NA,NA,-0.24079716
"959","KUC106502N",NA,NA,-0.24079274
"960","CHEMBL2138962",NA,NA,-0.24035933
"961","BRD-K83941994",NA,NA,-0.23974804
"962","CGP 60474",NA,NA,-0.23929333
"963","UNII-CVL1685GPH",NA,NA,-0.23928436
"964","BRD-K02756145",NA,NA,-0.23890297
"965","BRD-K15030062",NA,NA,-0.23889146
"966","Praziquantel",NA,NA,-0.23882331
"967","Prothiaden Spofa",NA,NA,-0.23877132
"968","CEP-37440",NA,NA,-0.23861488
"969","Arundine",NA,NA,-0.23842971
"970","Ellagic acid",NA,NA,-0.23818416
"971","CHEMBL2142877",NA,NA,-0.23814892
"972","ethyl 6-(2,3-dihydro-1H-indol-1-ylmethyl)-4-(3-nitrophenyl)-2-oxo-1,2,3,4-tetrahydro-5-pyrimidinecarboxylate",NA,NA,-0.23810942
"973","Oxaprozin",NA,NA,-0.23803434
"974","Sulbactam",NA,NA,-0.23797931
"975","Sulbactam",NA,NA,-0.23797931
"976","CID 75060944",NA,NA,-0.23786941
"977","GW3965",NA,NA,-0.23770372
"978","Midodrine",NA,NA,-0.23747003
"979","Omecamtiv mecarbil (CK-1827452)",NA,NA,-0.23740457
"980","Reversine",NA,NA,-0.2373236
"981","PD-98059",NA,NA,-0.23697255
"982","CHEMBL2133926",NA,NA,-0.23666494
"983","BRD-K98832591",NA,NA,-0.23662044
"984","CHEMBL3183436",NA,NA,-0.23646381
"985","Dorsomorphin",NA,NA,-0.23638861
"986","BRD-K53638321",NA,NA,-0.23638524
"987","AZD2014",NA,NA,-0.23622932
"988","OSI-906 (Linsitinib)",NA,NA,-0.23586356
"989","MLS002607804",NA,NA,-0.23579839
"990","Triciribine",NA,NA,-0.23505632
"991","Defactinib",NA,NA,-0.23496962
"992","BRD-K44579616",NA,NA,-0.23477573
"993","BRD-K05204496",NA,NA,-0.23443892
"994","Sumatriptan",NA,NA,-0.23423997
"995","BRD-K88842895",NA,NA,-0.23422729
"996","BIIB 021",NA,NA,-0.23400517
"997","(5Z)-5-[1-(4-bromophenyl)ethylidene]-2-pyrrolidin-1-yl-1,3-thiazol-4(5H)-one",NA,NA,-0.23398273
"998","1166227-08-2",NA,NA,-0.23396868
"999","N-{3-[(4-methoxyphenyl)amino]-1,4-dioxo-1,4-dihydronaphthalen-2-yl}acetamide",NA,NA,-0.23394769
"1000","PF-562271",NA,NA,-0.23380982
"1001","BRD-A31180007",NA,NA,-0.23366141
"1002","BRD-K90898708",NA,NA,-0.23353037
"1003","TSU-68",NA,NA,-0.23347554
"1004","BRD-K72425572",NA,NA,-0.23311372
"1005","MLS002264409",NA,NA,-0.23299531
"1006","Lanacordin",NA,NA,-0.23297643
"1007","Palbociclib",NA,NA,-0.2329426
"1008","Tirasemtiv",NA,NA,-0.23281468
"1009","AC1OFCEY",NA,NA,-0.23275352
"1010","BRD-K00141503",NA,NA,-0.23248565
"1011","SPECTRUM_001319",NA,NA,-0.23245551
"1012","Tivozanib",NA,NA,-0.23240477
"1013","BRD-K69888333",NA,NA,-0.23224016
"1014","Nicaraven",NA,NA,-0.23222574
"1015","BRD-K43540029",NA,NA,-0.23220733
"1016","Coumarin",NA,NA,-0.23220624
"1017","TGX-115",NA,NA,-0.23205113
"1018","2'-Deoxycytidine (hydrochloride)",NA,NA,-0.23203783
"1019","SMR000163306",NA,NA,-0.2318665
"1020","Naltrexone",NA,NA,-0.23166177
"1021","ML213",NA,NA,-0.23159184
"1022","MLS000038106",NA,NA,-0.23147783
"1023","sunitinib",NA,NA,-0.23145771
"1024","O-(OCTAHYDRO-1H-4,7-METHANOINDEN-5-YL) HYDROGEN CARBONODITHIOATE",NA,NA,-0.23142996
"1025","SCHEMBL1564574",NA,NA,-0.23115753
"1026","CHEMBL2130683",NA,NA,-0.23105176
"1027","SA-247582",NA,NA,-0.23087112
"1028","TUL_XX087",NA,NA,-0.23082937
"1029","BRD-K38181288",NA,NA,-0.23080995
"1030","BRD-K31374463-004-01-9",NA,NA,-0.23077891
"1031","MLN-8054",NA,NA,-0.23077482
"1032","52490-15-0",NA,NA,-0.23072412
"1033","Lisinopril",NA,NA,-0.23068465
"1034","CHEMBL1222381",NA,NA,-0.23064262
"1035","BIX01294",NA,NA,-0.23062791
"1036","BRD-K62814224",NA,NA,-0.23052239
"1037","Pentobarbital",NA,NA,-0.23040906
"1038","CHEMBL1619263",NA,NA,-0.23037671
"1039","BRD-K24213763",NA,NA,-0.23010798
"1040","PF-03814735",NA,NA,-0.22977628
"1041","CHEMBL2131306",NA,NA,-0.22964621
"1042","VU0418947-2",NA,NA,-0.22950785
"1043","Zalcitabine",NA,NA,-0.22938767
"1044","CEP-32496",NA,NA,-0.22926256
"1045","OTSSP167",NA,NA,-0.22897547
"1046","BRD-K72913953",NA,NA,-0.22895544
"1047","Thioridazine",NA,NA,-0.22886036
"1048","BRD-K63513868",NA,NA,-0.22853217
"1049","SCHEMBL6851809",NA,NA,-0.22845217
"1050","BRD-K20139170",NA,NA,-0.22836633
"1051","79966-13-5",NA,NA,-0.22825978
"1052","MK-5108",NA,NA,-0.22820537
"1053","Cyclophosphamide",NA,NA,-0.22814775
"1054","Quinoclamine",NA,NA,-0.22808518
"1055","SCHEMBL3954849",NA,NA,-0.22807118
"1056","3-Deazaadenosine",NA,NA,-0.22777745
"1057","BRD-K70669970",NA,NA,-0.22744859
"1058","PHA-665752",NA,NA,-0.22740328
"1059","PHA-665752",NA,NA,-0.22740328
"1060","VX-809 (Lumacaftor)",NA,NA,-0.2273901
"1061","Hnha",NA,NA,-0.22716531
"1062","BRD-K28995283",NA,NA,-0.22714818
"1063","CHEMBL1551506",NA,NA,-0.22712839
"1064","SCH-79797",NA,NA,-0.22682596
"1065","MLS003115428",NA,NA,-0.22677101
"1066","CID-2858522",NA,NA,-0.22675272
"1067","NVP-AEW541",NA,NA,-0.22669873
"1068","H7",NA,NA,-0.22656469
"1069","STK-674938",NA,NA,-0.22652308
"1070","Nemonapride",NA,NA,-0.2264742
"1071","Nemonapride",NA,NA,-0.2264742
"1072","BRD-K50639228",NA,NA,-0.22623996
"1073","MST-312",NA,NA,-0.22613475
"1074","CHEMBL2137269",NA,NA,-0.22605446
"1075","PIK 75",NA,NA,-0.22596221
"1076","SCHEMBL17378613",NA,NA,-0.22594531
"1077","RO 90-7501",NA,NA,-0.2259126
"1078","BAS 04938498",NA,NA,-0.22558795
"1079","Cucurbitacin-I",NA,NA,-0.22537056
"1080","UK 383367",NA,NA,-0.22535258
"1081","CGS-15943",NA,NA,-0.22534406
"1082","TCB2",NA,NA,-0.22524195
"1083","Rifaximin",NA,NA,-0.22523606
"1084","Rifaximin",NA,NA,-0.22523606
"1085","3-Aminobenzamide",NA,NA,-0.22520204
"1086","Perhexiline",NA,NA,-0.22506783
"1087","BRD-K88099061",NA,NA,-0.22500633
"1088","Tyrphostin A9",NA,NA,-0.22477398
"1089","Pimozide",NA,NA,-0.2245424
"1090","CEP-701",NA,NA,-0.22446464
"1091","CHEMBL3188986",NA,NA,-0.22412381
"1092","BRD-A10606614-003-01-1",NA,NA,-0.2240747
"1093","TL_HRAS26",NA,NA,-0.22398016
"1094","Vincamine",NA,NA,-0.22396562
"1095","Riboflavin",NA,NA,-0.2238795
"1096","PI828",NA,NA,-0.22387407
"1097","VU0418939-2",NA,NA,-0.22372622
"1098","BG-51",NA,NA,-0.22371392
"1099","Dehydroepiandrosterone Acetate",NA,NA,-0.22364275
"1100","BRD-K75819331",NA,NA,-0.2236375
"1101","WZ 4002",NA,NA,-0.22358492
"1102","Salermide",NA,NA,-0.22355617
"1103","SCHEMBL12648395",NA,NA,-0.22353387
"1104","Cerulenin",NA,NA,-0.22334602
"1105","CVF-SUMO-13",NA,NA,-0.22330914
"1106","BRD-K40476324-001-01-6",NA,NA,-0.22320732
"1107","Taurocholate",NA,NA,-0.22315274
"1108","Odanacatib (MK-0822)",NA,NA,-0.22301345
"1109","Phenazopyridine",NA,NA,-0.22276533
"1110","KW-2449",NA,NA,-0.22257211
"1111","CHEMBL2360805",NA,NA,-0.22244779
"1112","Glimepiride",NA,NA,-0.22233476
"1113","Glimepiride",NA,NA,-0.22233476
"1114","AZD-1775",NA,NA,-0.22225783
"1115","BRD-K99737029",NA,NA,-0.22213312
"1116","Ischemin",NA,NA,-0.22193861
"1117","CHEMBL2140791",NA,NA,-0.22188666
"1118","SPECTRUM_000011",NA,NA,-0.22181
"1119","BRD-K65455015",NA,NA,-0.22177724
"1120","AKT Inhibitor IV",NA,NA,-0.22170893
"1121","MLS004342420",NA,NA,-0.22156316
"1122","SA-423131",NA,NA,-0.22147707
"1123","CGS 20625",NA,NA,-0.22120815
"1124","galantamine",NA,NA,-0.22119737
"1125","Cycloheximide",NA,NA,-0.2211616
"1126","Mevastatin",NA,NA,-0.22104753
"1127","Mesoridazine",NA,NA,-0.2210467
"1128","BRD-K35638681",NA,NA,-0.2209976
"1129","BRD-K70836798",NA,NA,-0.22098777
"1130","CEFEPIME HYDROCHLORIDE",NA,NA,-0.22091424
"1131","Apocynin",NA,NA,-0.22087904
"1132","Chlormezanone",NA,NA,-0.22086682
"1133","L(-)Sorbose",NA,NA,-0.22075284
"1134","BRD-K30231186",NA,NA,-0.22071039
"1135","BRD-K46088987",NA,NA,-0.2206287
"1136","CHEMBL3185581",NA,NA,-0.2206112
"1137","CEPHARANTHINE",NA,NA,-0.22051729
"1138","Necrostatin",NA,NA,-0.22042018
"1139","Perindopril",NA,NA,-0.22037773
"1140","SAR245409",NA,NA,-0.22032124
"1141","4-Deoxyuridine",NA,NA,-0.22031115
"1142","BRD-K76973159",NA,NA,-0.22028905
"1143","Sulmazole",NA,NA,-0.22026161
"1144","CGP-12177",NA,NA,-0.22020972
"1145","BRD-K84797952",NA,NA,-0.21956271
"1146","Levonorgestrel",NA,NA,-0.21953882
"1147","BRD-K43256821",NA,NA,-0.21953813
"1148","HOECHST-33342",NA,NA,-0.2194625
"1149","Rottlerin",NA,NA,-0.2192929
"1150","Lomefloxacin",NA,NA,-0.21924429
"1151","Tyrphostin AG 126",NA,NA,-0.21912771
"1152","Taselisib",NA,NA,-0.21911962
"1153","Trichlormethiazide",NA,NA,-0.2189914
"1154","Argatroban",NA,NA,-0.21890491
"1155","Argatroban",NA,NA,-0.21890491
"1156","Tauroursodeoxy cholic acid dihydrate",NA,NA,-0.21886645
"1157","Viloxazine",NA,NA,-0.21856556
"1158","Nordihydroguaiaretic acid",NA,NA,-0.21856313
"1159","Indapamide",NA,NA,-0.21844824
"1160","2-(4-chlorophenyl)-3-(2-methoxyphenyl)hexahydro-1H-pyrrolo[1,2-c]imidazol-1-one",NA,NA,-0.21823702
"1161","BRD-K23488072",NA,NA,-0.2180369
"1162","AP26113",NA,NA,-0.21793297
"1163","Genistein",NA,NA,-0.2179232
"1164","Idebenone",NA,NA,-0.21787138
"1165","BRD-K69681876",NA,NA,-0.21780168
"1166","Skatole",NA,NA,-0.21779846
"1167","Molsidomine",NA,NA,-0.21759333
"1168","13-Methyl-7-[9-(4,4,5,5,5-pentafluoropentylsulfinyl)nonyl]-6,7,8,9,11,12,14,15,16,17-decahydrocyclopenta[a]phenanthrene-3,17-diol",NA,NA,-0.21750316
"1169","Palmidrol",NA,NA,-0.2174256
"1170","BRD-A73558769",NA,NA,-0.21742371
"1171","BRD-K36864553",NA,NA,-0.2173781
"1172","ACEXAMIC ACID",NA,NA,-0.21729299
"1173","PFI-1",NA,NA,-0.21724323
"1174","BRD-K10421834",NA,NA,-0.21722843
"1175","BRD-K54964414",NA,NA,-0.21701577
"1176","BRD-K68097207",NA,NA,-0.21680395
"1177","127408-30-4",NA,NA,-0.21674963
"1178","Danusertib",NA,NA,-0.21644171
"1179","852475-26-4",NA,NA,-0.21617548
"1180","CHEMBL2355890",NA,NA,-0.21601408
"1181","EMF-sumo1-1",NA,NA,-0.21600091
"1182","Dinaciclib",NA,NA,-0.21592046
"1183","BRD-K85827194",NA,NA,-0.21580487
"1184","AC1O7M2R",NA,NA,-0.21579266
"1185","Ridaforolimus (Deforolimus, MK-8669)",NA,NA,-0.21576594
"1186","BRD-K10087454",NA,NA,-0.21570062
"1187","Alprostadil",NA,NA,-0.21569084
"1188","Alprostadil",NA,NA,-0.21569084
"1189","BRD-K60073229",NA,NA,-0.21550353
"1190","Alectinib",NA,NA,-0.21545
"1191","BRD-K91194707",NA,NA,-0.21535839
"1192","Afuresertib",NA,NA,-0.21520892
"1193","KPT-330",NA,NA,-0.21514825
"1194","BRD-K45843042",NA,NA,-0.21513864
"1195","MLS003329220",NA,NA,-0.21506317
"1196","CHEMBL2130605",NA,NA,-0.21504556
"1197","AC1O9ZP5",NA,NA,-0.21500069
"1198","Syringic acid",NA,NA,-0.21497537
"1199","MLS001173269",NA,NA,-0.21475915
"1200","BRD-K23162766",NA,NA,-0.21473889
"1201","AM 251",NA,NA,-0.21464813
"1202","AMG-208",NA,NA,-0.21459917
"1203","MLS000094939",NA,NA,-0.21440991
"1204","NCGC00170205-01",NA,NA,-0.214207
"1205","SPOX1_000092",NA,NA,-0.21411495
"1206","BRD-K60756411",NA,NA,-0.21398548
"1207","BRD-K76418961",NA,NA,-0.21384888
"1208","3-(6-Nitro-1,3-dioxo-1H-benzo[de]isoquinolin-2(3H)-yl)propanoic acid",NA,NA,-0.21384267
"1209","SA-102787",NA,NA,-0.21382456
"1210","SPECTRUM_001092",NA,NA,-0.21360368
"1211","5-Phenethylquinoline-8-ol",NA,NA,-0.21329739
"1212","Bosentan",NA,NA,-0.21317356
"1213","BRD-K22314621",NA,NA,-0.21301455
"1214","MLS000108814",NA,NA,-0.21298302
"1215","Enoxolone",NA,NA,-0.21290221
"1216","BRD-K78961368",NA,NA,-0.21263248
"1217","MK-5172",NA,NA,-0.21261468
"1218","Quiflapon",NA,NA,-0.21252507
"1219","BRD-K68765796-001-01-8",NA,NA,-0.21245943
"1220","BRD-K30126976",NA,NA,-0.21240133
"1221","Procaterol",NA,NA,-0.21230374
"1222","Orphenadrine",NA,NA,-0.21230059
"1223","Afatinib",NA,NA,-0.21223338
"1224","Afatinib",NA,NA,-0.21223338
"1225","C-Fms Inhibitor",NA,NA,-0.21220041
"1226","252916-29-3",NA,NA,-0.21213424
"1227","Rotenone",NA,NA,-0.21208168
"1228","Fenretinide",NA,NA,-0.21205643
"1229","BRD-A24396574-001-01-5",NA,NA,-0.21201305
"1230","Deforolimus",NA,NA,-0.21198922
"1231","BRD-K43568193",NA,NA,-0.21197771
"1232","N-Formylmethionylalanine",NA,NA,-0.2119328
"1233","Dicloxacillin",NA,NA,-0.21192579
"1234","BCPP000194",NA,NA,-0.21191154
"1235","SCHEMBL1675174",NA,NA,-0.21180008
"1236","MLS002264451",NA,NA,-0.21179749
"1237","Pitavastatin Calcium",NA,NA,-0.21167952
"1238","BRD-K34412705",NA,NA,-0.21167779
"1239","RO-3306",NA,NA,-0.21166443
"1240","BRD-K73602693",NA,NA,-0.21155926
"1241","BMS-707035",NA,NA,-0.21148346
"1242","BRD-K81658952",NA,NA,-0.21141843
"1243","MLS000107144",NA,NA,-0.21140195
"1244","Wiskostatin",NA,NA,-0.21139883
"1245","Diosmin",NA,NA,-0.21137533
"1246","CHEMBL2140815",NA,NA,-0.21131228
"1247","CHEMBL2357067",NA,NA,-0.21110321
"1248","Rimcazole",NA,NA,-0.21104414
"1249","Motesanib",NA,NA,-0.21100903
"1250","PRX-08066 Maleic acid",NA,NA,-0.21098735
"1251","CGK733",NA,NA,-0.21088643
"1252","AZD7545",NA,NA,-0.21058737
"1253","AZD7545",NA,NA,-0.21058737
"1254","Simvastatin",NA,NA,-0.21058358
"1255","Benzamil",NA,NA,-0.21054712
"1256","Maprotiline",NA,NA,-0.21049778
"1257","Maprotiline",NA,NA,-0.21049778
"1258","Cisaprida",NA,NA,-0.21046339
"1259","CHEMBL1436973",NA,NA,-0.21045078
"1260","Maxacalcitol-D6",NA,NA,-0.21033479
"1261","Altrenogest",NA,NA,-0.21033197
"1262","Altrenogest",NA,NA,-0.21033197
"1263","CHEMBL1474387",NA,NA,-0.21032937
"1264","Eicosatrienoic acid (20:3 n-3)",NA,NA,-0.21032334
"1265","NSC653260",NA,NA,-0.21024818
"1266","Acyclovir",NA,NA,-0.21023762
"1267","BRD-K29946363",NA,NA,-0.2101665
"1268","17-Ethynyl estradiol",NA,NA,-0.21008709
"1269","MLN 2238",NA,NA,-0.20998716
"1270","BRD-K73522157",NA,NA,-0.20997372
"1271","BRD-K64062072",NA,NA,-0.20995941
"1272","Valsartan",NA,NA,-0.2098629
"1273","BRD-K81261525",NA,NA,-0.20974861
"1274","BL003-049-HDAC3",NA,NA,-0.2096372
"1275","BRD-K36619075",NA,NA,-0.209592
"1276","Cytochalasin B",NA,NA,-0.20953823
"1277","Cytochalasin B",NA,NA,-0.20953823
"1278","MLS002607717",NA,NA,-0.20947859
"1279","BMS-927711",NA,NA,-0.20947406
"1280","201038-74-6",NA,NA,-0.20944299
"1281","Deferasirox",NA,NA,-0.20934869
"1282","Quizartinib",NA,NA,-0.20933359
"1283","MLS002264523",NA,NA,-0.20922264
"1284","Ledipasvir",NA,NA,-0.20917426
"1285","BRD-A62647958",NA,NA,-0.20906581
"1286","Tamatinib",NA,NA,-0.20896027
"1287","BRD-K07569193",NA,NA,-0.20890501
"1288","BRD-K19268781",NA,NA,-0.2087122
"1289","BRD-K81826010",NA,NA,-0.20858554
"1290","Lonafarnib",NA,NA,-0.20852387
"1291","BRD-K88556033",NA,NA,-0.20850199
"1292","AC1MJFJP",NA,NA,-0.20844896
"1293","BRD-K85592362",NA,NA,-0.2083082
"1294","MLS000038113",NA,NA,-0.20822944
"1295","PCL2_000101",NA,NA,-0.20822532
"1296","Baicalin",NA,NA,-0.20820703
"1297","Troxipide",NA,NA,-0.20819946
"1298","Decitabine",NA,NA,-0.20819415
"1299","Puromycin Hydrochloride",NA,NA,-0.20799971
"1300","KW-2478",NA,NA,-0.20790459
"1301","SA-434027",NA,NA,-0.20773186
"1302","BRD-K96403486",NA,NA,-0.20762409
"1303","pyrvinium-pamoate",NA,NA,-0.20760272
"1304","MLS003153123",NA,NA,-0.20743177
"1305","1-(2,6-Dichlorobenzylideneamino)guanidine",NA,NA,-0.20742557
"1306","SPBIO_002239",NA,NA,-0.20741798
"1307","Apremilast (CC-10004)",NA,NA,-0.20730141
"1308","CHEMBL1270219",NA,NA,-0.2072224
"1309","ML162",NA,NA,-0.20721478
"1310","BRD-K97951470",NA,NA,-0.20721344
"1311","GSK-0660",NA,NA,-0.20721297
"1312","Ipatasertib",NA,NA,-0.20719013
"1313","TAK-242",NA,NA,-0.20714843
"1314","BRD-K53700261",NA,NA,-0.20714489
"1315","(+)-Timolol",NA,NA,-0.20701051
"1316","BRD-K57200229-001-01-6",NA,NA,-0.20691396
"1317","SCHEMBL17789576",NA,NA,-0.20688167
"1318","GSK-J1",NA,NA,-0.20664141
"1319","BRD-K70860307",NA,NA,-0.20662451
"1320","Ivabradine HCl",NA,NA,-0.20661957
"1321","Tyrphostin AG-1478",NA,NA,-0.20654338
"1322","MLS002725680",NA,NA,-0.20652275
"1323","Ambrisentan",NA,NA,-0.20633166
"1324","TW 37",NA,NA,-0.2063001
"1325","Enalapril",NA,NA,-0.20628945
"1326","CHEMBL2132289",NA,NA,-0.20625078
"1327","Clotrimazole",NA,NA,-0.20621249
"1328","Emetine",NA,NA,-0.20619068
"1329","BRD-K36620425",NA,NA,-0.20613106
"1330","WHI-P97",NA,NA,-0.20600927
"1331","SMER28",NA,NA,-0.20593838
"1332","5-(Z)-7-(4-o-hydroxyphenyl-2-trifluoromethyl-1,3 dioxan-cis-5-yl)heptenoic acid",NA,NA,-0.20589761
"1333","MLS004342499",NA,NA,-0.20579272
"1334","(Z) Fluvoxamine",NA,NA,-0.2056946
"1335","BRD-K31558029",NA,NA,-0.20568472
"1336","Acarbose",NA,NA,-0.20548033
"1337","Acarbose",NA,NA,-0.20548033
"1338","BRD-K37303684",NA,NA,-0.20544377
"1339","Erlotinib",NA,NA,-0.20532432
"1340","CHEMBL566687",NA,NA,-0.20530296
"1341","BRD-K57678861",NA,NA,-0.20520277
"1342","Rufinamide",NA,NA,-0.20517401
"1343","JTE 013",NA,NA,-0.20507115
"1344","MLS002264419",NA,NA,-0.20506249
"1345","BRD-K29251608",NA,NA,-0.2050094
"1346","BAS 01052444",NA,NA,-0.20496924
"1347","CHEMBL2359019",NA,NA,-0.20496517
"1348","AZD1208",NA,NA,-0.2049082
"1349","BRD-K40692824",NA,NA,-0.20477433
"1350","Nylidrin",NA,NA,-0.20477075
"1351","CHEMBL2355783",NA,NA,-0.20473826
"1352","Levofloxacin",NA,NA,-0.2046065
"1353","PF477736",NA,NA,-0.20457205
"1354","BRD-K45151011",NA,NA,-0.20455738
"1355","JW-7-24-1",NA,NA,-0.20440613
"1356","BRD-K72354054",NA,NA,-0.20438884
"1357","BH3I 1",NA,NA,-0.20433495
"1358","BRD-K00199686",NA,NA,-0.20433288
"1359","BRD-K46092809",NA,NA,-0.20432428
"1360","Temozolomide",NA,NA,-0.20430842
"1361","BRD-K06574200",NA,NA,-0.20426498
"1362","5-Iodo-6-nitro-2-piperazinylquinoline",NA,NA,-0.20420171
"1363","Fluphenazine",NA,NA,-0.20418167
"1364","NUTLIN 3",NA,NA,-0.20408557
"1365","Phenothiazine",NA,NA,-0.20395313
"1366","M3M3FBS",NA,NA,-0.20394506
"1367","CHEMBL1394624",NA,NA,-0.2039411
"1368","LGX818",NA,NA,-0.20392143
"1369","FLUDARABINE PHOSPHATE",NA,NA,-0.20387455
"1370","BRD-K04540960",NA,NA,-0.20386782
"1371","PF-3084014",NA,NA,-0.2038662
"1372","MW-SHH-61",NA,NA,-0.20378306
"1373","LY2228820",NA,NA,-0.20374574
"1374","Oxandrolone",NA,NA,-0.20373954
"1375","Oxandrolone",NA,NA,-0.20373954
"1376","Risperidone",NA,NA,-0.20362143
"1377","Ropinirole",NA,NA,-0.2036098
"1378","MLS002222336",NA,NA,-0.20338451
"1379","ZINC04646813",NA,NA,-0.20337714
"1380","89778-26-7",NA,NA,-0.2033498
"1381","SA-103013",NA,NA,-0.20330884
"1382","ML181",NA,NA,-0.20317523
"1383","Levetiracetam",NA,NA,-0.20309532
"1384","MLS003129394",NA,NA,-0.20304424
"1385","Ramelteon",NA,NA,-0.20296293
"1386","AC1NDD0L",NA,NA,-0.20286469
"1387","RS-23597-190",NA,NA,-0.2028304
"1388","CHEMBL3347630",NA,NA,-0.20276837
"1389","NVP-BHG712",NA,NA,-0.20271179
"1390","MLS003128609",NA,NA,-0.20269097
"1391","CHEMBL416418",NA,NA,-0.20260066
"1392","Bromfenac",NA,NA,-0.20255461
"1393","BRD-K13942440",NA,NA,-0.2025023
"1394","Flurandrenolide",NA,NA,-0.20247879
"1395","Bendamustine HCl",NA,NA,-0.20243738
"1396","Diclofenac",NA,NA,-0.20243171
"1397","WZ 3146",NA,NA,-0.20228064
"1398","N-(Carboxycarbonyl)-d-phenylalanine",NA,NA,-0.20227881
"1399","Neostigmine",NA,NA,-0.20221066
"1400","Nelarabine",NA,NA,-0.20209725
"1401","Urapidil",NA,NA,-0.20194227
"1402","5-(6-Aminopurin-9-yl)-2-methyltetrahydrofuran-3-ol",NA,NA,-0.20193516
"1403","Minaprine",NA,NA,-0.20186019
"1404","BRD-K53923090",NA,NA,-0.20181268
"1405","SA-84869",NA,NA,-0.20180661
"1406","BRD-K34314104",NA,NA,-0.20165473
"1407","BRD-K21165668",NA,NA,-0.20164333
"1408","BRD-K89146275",NA,NA,-0.20162372
"1409","Tetrahydrouridine",NA,NA,-0.20156615
"1410","LY 303511",NA,NA,-0.20154607
"1411","Hexestrol",NA,NA,-0.2015191
"1412","Trimebutine",NA,NA,-0.20145584
"1413","BRD-K40397365",NA,NA,-0.20145455
"1414","QL-XII-47",NA,NA,-0.20138919
"1415","ML079",NA,NA,-0.2012831
"1416","RG2833 (RGFP109)",NA,NA,-0.20122811
"1417","CHEMBL2140960",NA,NA,-0.20120153
"1418","SR59230A",NA,NA,-0.20108728
"1419","BSPBIO_001592",NA,NA,-0.20107079
"1420","LCL161",NA,NA,-0.20103054
"1421","BRD-K19198293",NA,NA,-0.20092326
"1422","Nalbufina [Dcit]",NA,NA,-0.20070494
"1423","Folic acid",NA,NA,-0.20050081
"1424","Etoricoxib",NA,NA,-0.20045191
"1425","Moclobemide",NA,NA,-0.20038904
"1426","BRD-K16535949",NA,NA,-0.2003179
"1427","Cladribine",NA,NA,-0.20031601
"1428","XMD-1499",NA,NA,-0.20026264
"1429","BRD-K55149044",NA,NA,-0.20023973
"1430","Cinnarizine",NA,NA,-0.2002259
"1431","BRD-K48296029",NA,NA,-0.20017612
"1432","BRD-K75155876",NA,NA,-0.20011517
"1433","Clozapine",NA,NA,-0.20008238
